{
  "[[0, 0], false, null, false, false]": {
    "up": 0.543693,
    "right": 0.759801,
    "open_door": 0.546902,
    "pick": 0.206147
  },
  "[[0, 1], false, null, false, false]": {
    "up": 0.496494,
    "down": 0.534861,
    "right": 0.640201,
    "open_door": 0.467149
  },
  "[[0, 2], false, null, false, false]": {
    "open_door": 0.393395,
    "right": 0.561249,
    "down": 0.554507,
    "up": 0.348116
  },
  "[[1, 2], false, null, false, false]": {
    "up": 0.443351,
    "down": 0.603775,
    "left": 0.459084,
    "right": 0.60533,
    "open_door": 0.436007
  },
  "[[1, 3], false, null, false, false]": {
    "down": 0.496558,
    "open_door": 0.354832,
    "right": 0.547559,
    "left": 0.355433,
    "pick": 0.342749
  },
  "[[1, 1], false, null, false, false]": {
    "right": 0.638262,
    "up": 0.57215,
    "open_door": 0.521834,
    "down": 0.758529,
    "left": 0.544443
  },
  "[[2, 1], false, null, false, false]": {
    "up": 0.617453,
    "left": 0.624995,
    "right": 0.702957,
    "open_door": 0.610912,
    "down": 0.810992
  },
  "[[2, 2], false, null, false, false]": {
    "open_door": 0.542037,
    "left": 0.547494,
    "up": 0.543668,
    "right": 0.699239,
    "down": 0.688746,
    "pick": 0.514765
  },
  "[[2, 3], false, null, false, false]": {
    "down": 0.614018,
    "left": 0.447889,
    "open_door": 0.442457,
    "right": 0.534895
  },
  "[[3, 2], false, null, false, false]": {
    "left": 0.621677,
    "down": 0.804713,
    "up": 0.61967,
    "open_door": 0.590979,
    "pick": 0.678256
  },
  "[[3, 1], false, null, false, false]": {
    "down": 0.928462,
    "left": 0.653177,
    "up": 0.710825,
    "open_door": 0.733056,
    "pick": 0.622055
  },
  "[[3, 0], false, null, false, false]": {
    "pick": 1.079425,
    "left": 0.755846,
    "up": 0.761783,
    "open_door": 0.831098
  },
  "[[3, 0], true, \"bola\", true, false]": {
    "left": 0.626269,
    "drop": 0.634964,
    "up": 0.866028,
    "open_door": 0.561358
  },
  "[[2, 0], true, \"bola\", true, false]": {
    "up": 0.584615,
    "open_door": 0.505441,
    "drop": 0.582213,
    "right": 0.651288,
    "left": 0.529022
  },
  "[[2, 1], true, \"bola\", true, false]": {
    "right": 0.608028,
    "down": 0.614984,
    "open_door": 0.428732,
    "left": 0.535355,
    "drop": 0.666564,
    "up": 0.530385
  },
  "[[3, 1], true, \"bola\", true, false]": {
    "left": 0.622609,
    "up": 0.678695,
    "drop": 0.973365,
    "open_door": 0.661584,
    "down": 0.653401
  },
  "[[2, 0], false, null, true, false]": {
    "open_door": -0.128007,
    "left": -0.081005,
    "right": -0.094206,
    "up": 0.552077,
    "pick": 0.524437
  },
  "[[1, 0], false, null, true, false]": {
    "right": -0.038007,
    "open_door": -0.265832,
    "left": 0.156751,
    "up": 0.476661,
    "pick": 0.371298
  },
  "[[3, 0], false, null, true, false]": {
    "open_door": 0.327563,
    "up": 0.37453,
    "left": 0.486869,
    "pick": 0.458268
  },
  "[[3, 1], false, null, true, false]": {
    "down": 0.428182,
    "open_door": 0.28453,
    "left": 0.296405,
    "up": 0.970405,
    "pick": 0.705033
  },
  "[[2, 1], false, null, true, false]": {
    "left": 0.395674,
    "up": 0.361927,
    "down": 0.219327,
    "open_door": 0.31971,
    "right": 0.62453,
    "pick": 0.577295
  },
  "[[1, 1], false, null, true, false]": {
    "up": 0.540734,
    "left": 0.171016,
    "right": 0.040734,
    "open_door": 0.209053,
    "down": 0.225171,
    "pick": 0.268608
  },
  "[[1, 2], false, null, true, false]": {
    "down": 0.045929,
    "left": -0.361676,
    "right": 0.611927,
    "open_door": 0.281104,
    "up": -0.031961,
    "pick": 0.194228
  },
  "[[0, 1], false, null, true, false]": {
    "right": -0.268252,
    "up": 0.163996,
    "down": -0.132845,
    "open_door": -0.077709
  },
  "[[2, 2], false, null, true, false]": {
    "up": 0.531154,
    "left": 0.444246,
    "down": 0.290734,
    "right": 0.459306,
    "open_door": 0.396927,
    "pick": 0.69103
  },
  "[[2, 3], false, null, true, false]": {
    "open_door": 0.191154,
    "right": 0.486869,
    "down": 0.111927,
    "left": 0.218039,
    "pick": 0.601282
  },
  "[[3, 3], false, null, true, false]": {
    "open_door": -0.159025,
    "left": 0.281154,
    "down": 0.552077,
    "pick": 0.489972
  },
  "[[3, 2], false, null, true, false]": {
    "down": 0.12453,
    "left": 0.486927,
    "pick": 1.089339,
    "up": 0.430975,
    "open_door": 0.586881
  },
  "[[0, 0], false, null, true, false]": {
    "open_door": 0.24089,
    "right": 0.371578,
    "up": -0.379074,
    "pick": 0.172748
  },
  "[[0, 2], false, null, true, false]": {
    "down": 0.101872,
    "up": 0.000333,
    "right": 0.164805,
    "open_door": 0.019835,
    "pick": 0.13315
  },
  "[[0, 3], false, null, true, false]": {
    "open_door": 0.022936,
    "right": -0.245335,
    "down": 0.210051,
    "pick": 0.21157
  },
  "[[1, 3], false, null, true, false]": {
    "down": 0.355961,
    "right": 0.531154,
    "open_door": 0.164665,
    "left": 0.187104,
    "pick": 0.294072
  },
  "[[3, 2], true, \"llave\", true, false]": {
    "drop": 0.771615,
    "open_door": 0.677025,
    "up": 0.688092,
    "down": 0.877044,
    "left": 0.68315
  },
  "[[1, 0], false, null, false, false]": {
    "open_door": 0.616596,
    "up": 0.635159,
    "left": 0.57251,
    "right": 0.855335
  },
  "[[0, 3], false, null, false, false]": {
    "right": 0.452294,
    "down": 0.385574,
    "open_door": 0.276893
  },
  "[[2, 0], false, null, false, false]": {
    "left": 0.701342,
    "open_door": 0.743385,
    "up": 0.697505,
    "right": 0.961483,
    "pick": 0.234376
  },
  "[[3, 3], false, null, false, false]": {
    "open_door": 0.488763,
    "left": 0.528058,
    "down": 0.70398,
    "pick": 0.513798
  },
  "[[3, 3], true, \"llave\", true, false]": {
    "open_door": 0.555287,
    "left": 0.550794,
    "drop": 0.580674,
    "down": 0.778584
  },
  "[[2, 3], true, \"llave\", true, false]": {
    "down": 0.584091,
    "drop": 0.594043,
    "left": 0.26044,
    "right": 0.386071,
    "open_door": 0.418252
  },
  "[[2, 2], true, \"llave\", true, false]": {
    "drop": 0.673531,
    "open_door": 0.577815,
    "left": 0.593769,
    "up": 0.582183,
    "down": 0.774422,
    "right": 0.736314
  },
  "[[3, 2], true, \"bola\", true, false]": {
    "open_door": 0.582836,
    "up": 0.780234,
    "drop": 0.604721,
    "left": 0.591162,
    "down": 0.615026
  },
  "[[3, 3], true, \"bola\", true, false]": {
    "open_door": 0.580106,
    "down": 0.64848,
    "left": 0.406662,
    "drop": 0.886788
  },
  "[[3, 1], true, \"llave\", true, false]": {
    "open_door": 0.7864,
    "up": 0.777788,
    "drop": 0.837297,
    "left": 0.766983,
    "down": 0.985604
  },
  "[[3, 2], true, \"llave\", false, false]": {
    "up": 0.531252,
    "down": 0.516021,
    "open_door": 0.5773,
    "left": 0.543832,
    "drop": 0.815507
  },
  "[[3, 3], true, \"llave\", false, false]": {
    "left": 0.396357,
    "down": 0.641082,
    "drop": 0.547231,
    "open_door": 0.477077
  },
  "[[2, 3], true, \"llave\", false, false]": {
    "open_door": -0.075,
    "down": 0.440607,
    "left": 0.073425,
    "right": 0.514149
  },
  "[[2, 2], true, \"llave\", false, false]": {
    "down": 0.360291,
    "open_door": 0.368877,
    "drop": 0.597189,
    "left": 0.429792,
    "right": 0.652586,
    "up": 0.234191
  },
  "[[2, 1], true, \"llave\", false, false]": {
    "right": 0.532047,
    "down": 0.207205,
    "left": 0.29327,
    "up": 0.416454,
    "drop": 0.445696,
    "open_door": 0.189421
  },
  "[[3, 1], true, \"llave\", false, false]": {
    "drop": 0.649544,
    "down": 0.493523,
    "open_door": 0.499951,
    "up": 0.583712,
    "left": 0.469506
  },
  "[[3, 0], true, \"llave\", false, false]": {
    "open_door": 0.364262,
    "left": 0.094205,
    "up": 0.541794,
    "drop": 0.321009
  },
  "[[2, 0], true, \"llave\", false, false]": {
    "drop": 0.388499,
    "right": 0.226012,
    "up": 0.241027
  },