{
  "[[0, 0], false, null, false, false]": {
    "right": 0.645223,
    "up": 0.506926,
    "open_door": 0.484652,
    "pick": 0.138547
  },
  "[[1, 0], false, null, false, false]": {
    "up": 0.581526,
    "right": 0.728025,
    "open_door": 0.560679,
    "left": 0.572084
  },
  "[[1, 1], false, null, false, false]": {
    "down": 0.645044,
    "up": 0.558004,
    "open_door": 0.562629,
    "right": 0.565995,
    "left": 0.520502
  },
  "[[2, 0], false, null, false, false]": {
    "left": 0.668249,
    "open_door": 0.650345,
    "up": 0.616261,
    "right": 0.820028,
    "pick": 0.163175
  },
  "[[1, 2], false, null, false, false]": {
    "up": 0.462038,
    "right": 0.623263,
    "left": 0.464927,
    "open_door": 0.411521,
    "down": 0.586476,
    "pick": 0.517148
  },
  "[[1, 3], false, null, false, false]": {
    "right": 0.474469,
    "left": 0.375755,
    "down": 0.545882,
    "open_door": 0.324001
  },
  "[[2, 3], false, null, false, false]": {
    "right": 0.450471,
    "left": 0.431973,
    "open_door": 0.362424,
    "down": 0.589452,
    "pick": 0.441409
  },
  "[[3, 3], false, null, false, false]": {
    "left": 0.454331,
    "open_door": 0.521111,
    "down": 0.685664,
    "pick": 0.486526
  },
  "[[0, 3], false, null, false, false]": {
    "right": 0.478247,
    "down": 0.438385,
    "open_door": 0.26645
  },
  "[[2, 2], false, null, false, false]": {
    "right": 0.629644,
    "down": 0.473407,
    "up": 0.498158,
    "left": 0.549998,
    "open_door": 0.515738,
    "pick": 0.4324
  },
  "[[3, 2], false, null, false, false]": {
    "down": 0.686142,
    "open_door": 0.59854,
    "left": 0.605183,
    "pick": 0.651953,
    "up": 0.619984
  },
  "[[3, 1], false, null, false, false]": {
    "open_door": 0.660691,
    "up": 0.666747,
    "down": 0.826358,
    "left": 0.625946,
    "pick": 0.566658
  },
  "[[2, 1], false, null, false, false]": {
    "open_door": 0.567202,
    "down": 0.606113,
    "right": 0.747915,
    "left": 0.588433,
    "up": 0.596449,
    "pick": 0.429141
  },
  "[[3, 0], false, null, false, false]": {
    "left": 0.702419,
    "open_door": 0.751393,
    "up": 0.745288,
    "pick": 0.922254
  },
  "[[3, 0], true, \"bola\", true, false]": {
    "open_door": 0.557401,
    "drop": 0.64213,
    "up": 0.691393,
    "left": 0.472955
  },
  "[[3, 0], false, null, true, false]": {
    "up": -0.046346,
    "open_door": 0.192825,
    "left": 0.670712,
    "pick": 0.36616
  },
  "[[3, 1], false, null, true, false]": {
    "down": 0.517219,
    "open_door": 0.49865,
    "up": 0.709245,
    "left": 0.757988,
    "pick": 0.515171
  },
  "[[2, 0], false, null, true, false]": {
    "open_door": -0.20956,
    "up": 0.766745,
    "right": -0.101712,
    "left": -0.167604,
    "pick": 0.433822
  },
  "[[2, 1], false, null, true, false]": {
    "right": -0.046346,
    "down": 0.616624,
    "left": 0.366716,
    "up": 0.863365,
    "open_door": 0.400416,
    "pick": 0.519721
  },
  "[[1, 1], false, null, true, false]": {
    "down": 0.577624,
    "open_door": 0.075031,
    "left": 0.116534,
    "up": -0.012063,
    "right": -0.042251
  },
  "[[1, 0], false, null, true, false]": {
    "left": 0.12761,
    "open_door": -0.037715,
    "right": 0.675011,
    "up": -0.007243
  },
  "[[0, 0], false, null, true, false]": {
    "up": 0.122025,
    "right": -0.51,
    "open_door": -0.093927,
    "pick": 0.006748
  },
  "[[0, 1], false, null, true, false]": {
    "open_door": -0.098963,
    "right": 0.210474,
    "up": -0.149071,
    "down": 0.109148
  },
  "[[1, 2], false, null, true, false]": {
    "down": 0.04153,
    "right": 0.820835,
    "open_door": 0.247191,
    "up": 0.503841,
    "left": 0.143401,
    "pick": 0.213477
  },
  "[[2, 2], false, null, true, false]": {
    "open_door": 0.363292,
    "right": 0.970405,
    "down": 0.738444,
    "up": 0.624461,
    "left": 0.560463,
    "pick": 0.625848
  },
  "[[3, 2], false, null, true, false]": {
    "up": 0.67219,
    "pick": 1.089339,
    "down": 0.17219,
    "left": 0.735854,
    "open_door": 0.590974
  },
  "[[3, 3], false, null, true, false]": {
    "left": 0.757988,
    "down": 0.616267,
    "open_door": 0.247287,
    "pick": 0.663653
  },
  "[[2, 3], false, null, true, false]": {
    "open_door": 0.419805,
    "left": 0.471411,
    "down": 0.853321,
    "right": 0.337287,
    "pick": 0.522672
  },
  "[[1, 3], false, null, true, false]": {
    "open_door": 0.421727,
    "down": -0.067871,
    "right": 0.476814,
    "left": -0.079038,
    "pick": 0.161487
  },
  "[[3, 2], true, \"llave\", true, false]": {
    "left": 0.681503,
    "drop": 0.803786,
    "down": 0.877044,
    "up": 0.680451,
    "open_door": 0.677123
  },
  "[[2, 2], true, \"llave\", true, false]": {
    "up": 0.574451,
    "down": 0.767155,
    "drop": 0.634425,
    "right": 0.751983,
    "left": 0.585995,
    "open_door": 0.597352
  },
  "[[2, 3], true, \"llave\", true, false]": {
    "open_door": 0.35187,
    "left": 0.175028,
    "drop": 0.55597,
    "right": 0.51096,
    "down": 0.355014
  },
  "[[1, 3], true, \"llave\", true, false]": {
    "drop": 0.461788,
    "open_door": 0.071898,
    "down": 0.175829,
    "left": 0.097489,
    "right": 0.172696
  },
  "[[0, 1], false, null, false, false]": {
    "open_door": 0.472091,
    "right": 0.571208,
    "up": 0.48681,
    "down": 0.484744
  },
  "[[0, 2], false, null, false, false]": {
    "down": 0.519375,
    "up": 0.389584,
    "right": 0.55332,
    "open_door": 0.382785
  },
  "[[3, 2], true, \"llave\", false, false]": {
    "drop": 0.748565,
    "up": 0.537792,
    "left": 0.545624,
    "down": 0.537059,
    "open_door": 0.51831
  },
  "[[3, 1], true, \"bola\", true, false]": {
    "drop": 0.663111,
    "left": 0.779325,
    "open_door": 0.597928,
    "down": 0.601676,
    "up": 0.548591
  },
  "[[0, 3], false, null, true, false]": {
    "down": 0.090211,
    "open_door": 0.07598,
    "right": 0.408028,
    "pick": 0.201069
  },
  "[[0, 2], false, null, true, false]": {
    "open_door": -0.017362,
    "up": -0.098967,
    "down": 0.152535,
    "right": -0.067871,
    "pick": 0.09182
  },
  "[[2, 1], true, \"bola\", true, false]": {
    "down": 0.562673,
    "open_door": 0.599916,
    "left": 0.500971,
    "drop": 0.877028,
    "right": 0.652976,
    "up": 0.599833
  },
  "[[2, 0], true, \"bola\", true, false]": {
    "open_door": 0.499872,
    "up": 0.715568,
    "left": 0.476035,
    "right": 0.497895,
    "drop": 0.51079
  },
  "[[1, 1], true, \"bola\", true, false]": {
    "up": 0.35561,
    "left": 0.049614,
    "open_door": 0.196197,
    "drop": 0.582462,
    "right": 0.250856,
    "down": 0.336041
  },
  "[[1, 2], true, \"bola\", true, false]": {
    "up": 0.169435,
    "drop": 0.611961,
    "right": 0.234909,
    "left": 0.119034,
    "down": 0.205133,
    "open_door": 0.11096
  },
  "[[1, 3], true, \"bola\", true, false]": {
    "right": 0.36799,
    "down": 0.243636,
    "open_door": 0.007424
  },
  "[[2, 3], true, \"bola\", true, false]": {
    "left": 0.003538,
    "down": 0.244733,
    "open_door": 0.051173,
    "right": 0.300361,
    "drop": 0.778188
  },
  "[[2, 2], true, \"bola\", true, false]": {
    "up": 0.366715,
    "left": 0.405403,
    "open_door": 0.190624,
    "down": 0.748254,
    "right": 0.277069,
    "drop": 0.285936
  },
  "[[3, 1], true, \"llave\", true, false]": {
    "up": 0.766897,
    "down": 0.985604,
    "left": 0.76719,
    "open_door": 0.780598,
    "drop": 0.759937
  },
  "[[2, 1], true, \"llave\", true, false]": {
    "right": 0.848878,
    "drop": 0.59318,
    "left": 0.525636,
    "up": 0.67633,
    "open_door": 0.675994,
    "down": 0.866709
  },
  "[[3, 0], true, \"llave\", true, false]": {
    "drop": 0.565119,
    "left": 0.863267,
    "open_door": 1.106227,
    "up": 0.863425
  },
  "[[3, 3], true, \"llave\", false, false]": {
    "open_door": 0.475935,
    "down": 0.609211,
    "drop": 0.534692,
    "left": 0.556937
  },
  "[[2, 2], true, \"llave\", false, false]": {
    "drop": 0.583152,
    "right": 0.613564,